[
  {
    "url": "https://walletinvestor.com/forex-forecast/aud-cnh-prediction",
    "columns": {
      "Date": [
        "2025-07-09",
        "2025-07-10",
        "2025-07-11",
        "2025-07-12",
        "2025-07-13",
        "2025-07-14",
        "2025-07-15",
        "2025-07-16",
        "2025-07-17",
        "2025-07-18",
        "2025-07-19",
        "2025-07-20",
        "2025-07-21",
        "2025-07-22"
      ],
      "Rate": [
        "Rate:4.671",
        "Rate:4.666",
        "Rate:4.656",
        "Rate:4.655",
        "Rate:4.648",
        "Rate:4.638",
        "Rate:4.647",
        "Rate:4.646",
        "Rate:4.641",
        "Rate:4.631",
        "Rate:4.631",
        "Rate:4.624",
        "Rate:4.613",
        "Rate:4.622"
      ],
      "Min Rate": [
        "Min:4.659",
        "Min:4.654",
        "Min:4.645",
        "Min:4.643",
        "Min:4.633",
        "Min:4.622",
        "Min:4.628",
        "Min:4.623",
        "Min:4.617",
        "Min:4.604",
        "Min:4.599",
        "Min:4.589",
        "Min:4.574",
        "Min:4.581"
      ],
      "Max Rate": [
        "Max:4.682",
        "Max:4.677",
        "Max:4.669",
        "Max:4.667",
        "Max:4.663",
        "Max:4.653",
        "Max:4.665",
        "Max:4.666",
        "Max:4.665",
        "Max:4.659",
        "Max:4.661",
        "Max:4.657",
        "Max:4.650",
        "Max:4.664"
      ]
    }
  }
]